Country,Account Name,DBA,NABP Approved Websites,Type
US,140 Main St Corp,Campbell's Pharmacy,"campbells.pharmacy
campbellspharmacy.com",Pharmacy
Canada,2379157 Ontario Limited,"LMC Pharmacy
Diabetes Depot","diabetesdepot.pharmacy
DiabetesDepot.ca",Pharmacy
US,986 Specialty Pharmacy Pasadena Inc,,"986pasadena.pharmacy
986pasadena.com",Pharmacy
US,A Group of People LLC,AGP LLC,"nugrowthrx.pharmacy
nugrowthrx.com",Resources and Referral Sites
US,A&W Pharmacy LLC,A&W Pharmacy,"awdrug.pharmacy
facebook.com/awpharmacyutah",Pharmacy
US,AARX LLC,"Klinger Pharmacy
Rings Pharmacy","klingerpharmacy.pharmacy
ringspharm.pharmacy
klingerpharmacy.com
ringspharm.com",Pharmacy
US,ABD Group Inc,VFP Pharmacy Group,"vfppharmacygroup.pharmacy
vfppharmacygroup.com",Pharmacy
US,AcariaHealth Pharmacy Inc,,"myacaria.pharmacy
acariahealth.pharmacy
foundcare.pharmacy",Pharmacy
US,Access Oaktown Inc,Access Pharmacy,"accesspharmacyrx.pharmacy
accesspharmacyrx.com",Pharmacy
US,Accredo Health Group Inc,AHG of New York Inc.,"accredo.pharmacy
hemophilia.pharmacy
accredo.com
hemophilia.com",Pharmacy
US,Accuserve Pharmacy,AccuServ Pharmacy,"accupacrx.pharmacy
accupacrx.com",Pharmacy
US,ACORx Pharmacy,"ACORx, LLC","acorxpharmacy.pharmacy
acorxpharmacy.com",Pharmacy
US,Adapt RX LLC,Parkway Plaza Pharmacy,"theparkwayplaza.pharmacy
theparkwayplazapharmacy.com",Pharmacy
US,ADC Pharmacy Solutions LLC,,"adcpharmacysolutions.pharmacy
adcpharmacysolutions.com",Pharmacy
US,Adelaide Apothecary,,"adelaideapothecary.pharmacy
adelaideapothecary.com",Pharmacy
US,Adrien Industries,Adrien Pharmacy,"adrienpharmacy.pharmacy
mygnp.com/pharmacies/adrien-pharmacy-cincinnati-oh-45243/?utm_source=google&utm_medium=local&utm_campaign=localmaps&utm_content=3612113",Pharmacy
US,"Advanced Health Technologies, Inc.",GEM Edwards Pharmacy,"gemedwards.pharmacy
gemedwardspharmacy.com",Pharmacy
US,"Advanced Pharmacy Concepts, LLC",Manifest Pharmacy,"manifest.pharmacy
manifestpharmacy.com",Pharmacy
US,"Advanced Rx Derm, LLC",Integra Rx,"integrarx.pharmacy
integrarx.com",Pharmacy
US,"Advanced Rx Pharmacy of Tennessee, LLC",Advanced Rx Pharmacy 060,"advanced-rx.pharmacy
advanced-rx.com",Pharmacy
US,ADW Diabetes LLC,,"adw.pharmacy
adwdiabetes.com",Pharmacy
US,AFA Pharmacy LLC,,"afapharmacy.pharmacy
afapharmacy.com",Pharmacy
US,"AFYA GROUP, LLC.",Avant Pharmacy,"avantpharmacy.pharmacy
avantpharmacy.com",Pharmacy
US,Agropec Trading LLC,GoodRxforpets,"goodrxforpets.pharmacy
goodrxforpets.com",Veterinary Pharmacy
US,Agropec Trading LLC,Allivet,"allivet.pharmacy 
gianteaglepetrx.pharmacy
akcpetrx.pharmacy
farmandfleetrx.pharmacy
tractorsupplyrx.pharmacy
allivet.com
gianteaglepetrx.com
AKCPetRX.com
farmandfleetrx.com
tractorsupplyrx.com",Veterinary Pharmacy
US,"Agropec Trading, LLC",Allivet,"fetchpetrx.pharmacy
fetchpetrx.com",Veterinary Pharmacy
US,AHSSHC Expedien RX Pharmacy,Expedien Rx Pharmacy,"ahsschdbaexpedienrxpharmacy.pharmacy
adventhealth.com",Pharmacy
US,AIDS Care Group,Eddystone Community Pharmacy,"eddystone.pharmacy
eddystonepharmacy.com",Pharmacy
US,AIDS Healthcare Foundation,AHF Pharmacy,"ahf.pharmacy
ahfpharmacy.org",Pharmacy
US,Aiken Compounding Pharmacy,Family Pharmacy South Aiken,"aikenpharmacy.pharmacy
aikenpharmacy.com",Pharmacy
US,Ajijo Inc,Luxe Med Compounding Pharmacy,"luxemedcompounding.pharmacy
luxemedpharmacy.com",Pharmacy
US,"AJIM, Inc",Sheefa Pharmacy & Wellness Center,"sheefa.pharmacy
sheefa.com",Pharmacy
US,Albertsons Companies,,"starmarket.pharmacy
acmemarkets.pharmacy
shaws.pharmacy
jewelosco.pharmacy
albertsons.pharmacy
haggen.pharmacy
medcartpharmacy.pharmacy
starmarket.com
acmemarkets.com
starmarket.com
albertsons.com
jewelosco.com
shaws.com
haggen.com",Pharmacy
US,All Saints Pharmacy LLC,All Saints Pharmacy,"allsaintspharmacy.pharmacy
allsaintspharmacy.com",Pharmacy
US,Alliance for Safe Online Pharmacies (ASOP Global),,"buysaferx.pharmacy
asopfoundation.pharmacy",Associations and Consumer Advocacy
United Kingdom,Alliance for Safe Online Pharmacy in the EU,ASOP EU,onhomealliance.pharmacy,Professional
US,"Alliance Pharma Solutions, LLC",DelivMeds,delivmeds.pharmacy,Pharmacy
US,Allina Health System,"Abbott Northwestern Hospital
Allina Health Clinics","allinahealth.pharmacy
allinahealth.org",Pharmacy
US,Alpha Care Pharmacy,,"alphacarerx.pharmacy
alphacarerx.net",Pharmacy
US,Alto Pharmacy LLC,Alto Pharmacy,"alto.pharmacy
alto.com",Pharmacy
US,Altru Health System,Altru Family Medicine Residency Pharmacy,"altru.pharmacy
altru.org",Pharmacy
US,Amber Enterprises Inc.,Amber Pharmacy,"amberpharmacy.pharmacy
amberpharmacy.com",Pharmacy
US,Americare Pharmacy Services LLC,Pegasus Express Pharmacy,"pegasusrx.pharmacy
pegasusrx.com",Pharmacy
US,"Ameripharm, Inc",Medvantx Pharmacy Services,"medvantx.pharmacy 
medvantxrx.pharmacy
ameripharminc.pharmacy
medvantx.com",Pharmacy
US,AmerisourceBergen,Good Neighbor Pharmacy,"mygnp.pharmacy
mygnp.com",Pharmacy
US,AmerisourceBergen Corporation,Good Neighbor Pharmacy,"wearegnp.pharmacy
wearegnp.com",Resources and Referral Sites
US,AmerisourceBergen Drug Corporation,,"smartsourcerx.pharmacy
smartsourcerx.com",Wholesale Drug Distributor
US,"Andrews Packaging Pharmacy, Inc",Andrews Packaging Pharmacy,"andrewspackaging.pharmacy
app-rx.com",Pharmacy
US,"AON Pharmacy, LLC",,"aon.pharmacy
aoncology.com",Pharmacy
US,AP Rx Suppliers Inc,Wellness Mart Pharmacy,"wellnessmart.pharmacy
wellnessmartpharmacy.com",Pharmacy
US,APC Pharmacy LLC,Advanced Rx Pharmacy 030,"myadvancedrx.pharmacy
myadvancedrx.com",Pharmacy
US,"Apotheco, LLC",Apotheco Pharmacy Group,"apotheco.pharmacy
apothecopharmacy.com",Pharmacy
US,Ardent Pharmacy Inc,"Benjamin's Pharmacy & Surgical
Benjamin's Pharmacy & Baby Formula","benjamins.pharmacy
benjaminspharmacy.com",Pharmacy
US,"Ardon Health, LLC",Ardon Health,"ardonspecialtyrx.pharmacy 
ardonhealth.com",Pharmacy
US,Arkansas State Board of Pharmacy,,"arboard.pharmacy 
ar.pharmacy
pharmacyboard.arkansas.gov",Boards of Pharmacy and Regulatory Agencies
US,Armitage Pharmacy Inc,,"armitage.pharmacy
armitagepharmacy.com",Pharmacy
US,"ARX, Accurate Rx Specialty Pharmacy","Ideal Pharmacy
Apothotech Pharmacy","arxspecialty.pharmacy
arxspecialtypharmacy.com",Pharmacy
US,Ashland Health LLC,Ashland Health,ashlandhealth.pharmacy,Pharmacy
US,AUM Pharmaceuticals Inc.,AUM RX,"aum.pharmacy
aumrx.com",Pharmacy
US,Avera McKennan,Avera Specialty Pharmacy,"avera.pharmacy
Avera.org",Pharmacy
US,Azina LLC,,"azinarx.pharmacy
azinarx.com",Pharmacy
US,B&B Drugs Inc,Epic Pharmacy,"Epicrx.pharmacy
epicrx.net",Pharmacy
US,B7 HEALTH,B7 Pharmacy,"b7health.pharmacy
yelp.com/biz/b7-pharmacy-huntington-park",Pharmacy
US,B7 Pharmacy INC,Good Value Pharmacy Racine,"goodvaluerx.pharmacy
goodvaluerx.com",Pharmacy
US,Babcock Pharmacy LLC,Premier Pharmacy,"premierpharmacysa.pharmacy
premierpharmacysa.com",Pharmacy
Canada,BASO LTD.,99 Pharmacy,"beyondrx.pharmacy
beyondrx.ca",Pharmacy
US,"Baxterboo, Inc.",Baxterboo.com,"baxterboo.pharmacy
baxterboo.com",Resources and Referral Sites
Canada,Bayshore Specialty Rx,Diabetes Express,"diabetesexpress.pharmacy
diabetesexpress.ca",Pharmacy
Canada,Bayshore Specialty Rx,Bayshore Express Pharmacy,"bayshoreexpresspharmacy.pharmacy
bayshoreexpresspharmacy.ca",Pharmacy
US,Bear's Compounding Pharmacy,,"bearscompoundingpharmacy.pharmacy
bearscompoundingpharmacy.com",Pharmacy
Canada,Beauty Aesthetics,,"beautyaesthetics.pharmacy
beautyaesthetics.ca",Professional
US,Bedford Road Pharmacy Inc ,PharmaCare,"pharmacarenetwork.pharmacy
pharmacarenetwork.com",Pharmacy
US,"Best Value Pharmacies, Inc.",Best Value Custom Meds,"bestvaluepharmacy.pharmacy
bestvaluepharmacies.com",Pharmacy
US,"Beth Israel Lahey Health Pharmacy, Inc.","BILH Specialty Pharmacy
BILH Pharmacy Direct","bilhpharmacy.pharmacy
bilh.org",Pharmacy
US,"BG&M Pharmacy, LLC",Forest Park Pharmacy,"forestpark.pharmacy
forestparkpharmacy.com",Pharmacy
US,"BioAccess Health Services., Inc",BioAccess Pharmacy,"bioaccesspharmacy.pharmacy
bioaccesspharmacy.com",Pharmacy
US,"BioPlus Specialty Pharmacy Services, Inc",,"rivermedical.pharmacy
route300.pharmacy
medscripts.pharmacy
bioplus.pharmacy
bioplusspecialty.pharmacy
bioplusrx.com
rivermedicalrx.com
route300pharmacy.com
medscriptsrx.com",Pharmacy
US,"Birdi, Inc.",Birdi,"birdi.pharmacy
birdirx.pharmacy
birdirx.com",Pharmacy
US,Blink Health Administration LLC,,"blinkhealth.pharmacy
blinkrx.pharmacy
blinkhealth.com",Pharmacy
US,Blondell Rx NY LLC,Quick Rx Specialty Pharmacy,"quickrxspecialty.pharmacy
QuickRxSpecialty.com",Pharmacy
US,Blue Dog Pet Pharmacy LLC,,"bluedogpet.pharmacy
bluedogpetpharmacy.com",Veterinary Pharmacy
US,Bolero Pharmacy LLC,Bolero Pharmacy,"boleropharmacy.pharmacy
boleropharmacy.com",Pharmacy
US,Boston Medical Center Corporation,Cornerstone Health Solutions,"cornerstonehealthsolutions.pharmacy
cornerstonehealthsolutions.org",Pharmacy
US,Bronson Village Drug Inc.,Colon Village Drug,"colonvillagedrug.pharmacy
facebook.com/profile.php?id=61554293111496",Pharmacy
US,"Brown Gardiner Drug Co., Inc",Brown Gardiner Drug,"browngardiner.pharmacy
browngardiner.com",Pharmacy
Malta,Brown's Pharma Limited,,"browns.pharmacy
brownspharmacy.eu",Pharmacy
US,BSAP LLC,Advance Pharmacy,"Advancerx.pharmacy 
mygnp.com/pharmacies/advance-pharmacy-advance-mo-63730/",Pharmacy
US,Bunting Pharmacy LLC,Bunting Family Pharmacy,"buntingfamily.pharmacy
buntingfamilypharmacy.com",Pharmacy
US,Burgie Drug Store LLC,Burgie Drug Store,"burgiedrugstore.pharmacy
burgiedrugstore.com",Pharmacy
US,California Pet Pharmacy,CPP Health,"woof.pharmacy
petrx.pharmacy
calpetrx.pharmacy
arlorx.pharmacy
californiapetpharmacy.com
arlorx.com",Veterinary Pharmacy
US,California State Board of Pharmacy,,"caboard.pharmacy 
ca.pharmacy
pharmacy.ca.gov",Boards of Pharmacy and Regulatory Agencies
US,"Cardinal Health Pharmacy Services, LLC",,cardinalhealth.pharmacy,Pharmacy
US,"Care Resource Community Health Centers, Inc.",Your Pharmacy at Care Resource,"careresource.pharmacy
",Pharmacy
US,CareFirst Specialty Pharmacy LLC,,"cfspharmacy.pharmacy 
cfspharmacy.com",Pharmacy
US,Caremark Rx LLC,,"cvscaremark.pharmacy 
caremark.pharmacy
cvspecialty.pharmacy 
cvsspecialty.pharmacy
caremark.com
cvsspecialty.com ",Pharmacy
US,Carepoint Healthcare LLC,Carepoint Pharmacy,"carepoint.pharmacy
carepointrx.com",Pharmacy
US,"Caring Hands Pharmacy, Inc",Dale's Pharmacy,"dalespharmacy.pharmacy
dalespharmacy.com",Pharmacy
US,Carle Foundation Hospital,"CARLE HOSPICE
CARLE HOME INFUSION
CARLE HOME CARE
CARLE MEDICAL SUPPLY
CARLE CANCER CENTER
CARLE FOUNDATION HOSPITAL
CARLE THERAPY SERVICES
CARLE FOUNDATION HOSPITAL PHARMACY
CARLE SPECIALTY PHARMACY","carle.pharmacy
carle.org",Pharmacy
US,Carpharma,Regency Medical Pharmacy,"rmp.pharmacy
regencymedicalpharmacy.com",Pharmacy
US,Catalyst Rx Pharmacy,Catalyst Rx Pharmacy,"catalystrxpharmacy.pharmacy
catalystrxpharmacy.com",Pharmacy
US,CCS Medical,,"ccsmed.pharmacy
ccsmed.com",Pharmacy
US,CD Pharmacy,"Red Rock Home Pharmacy
Red Rock Pharmacy","redrockhome.pharmacy
redrockhomepharmacy.com",Pharmacy
US,Cedar Chemists Inc,J&J Pharmacy,"jandjpharmacy.pharmacy
jandjdrugstores.com",Pharmacy
US,Centennial Pharmacy Services Incorporated,,"centennial.pharmacy
centennialpharmacy.com",Pharmacy
US,Center for Transformational Psychotherapy,,"ketaminepsychotherapy.pharmacy
ketaminepsychotherapy.com",Professional
US,Central Washington Family Medicine,,"chcw.pharmacy
chcw.org",Pharmacy
US,Charlesmead Fountain Pharmacy llc,Charlesmead Pharmacy,"Charlesmeadpharmacy.pharmacy
healthmart.com/store-details?storeId=8511",Pharmacy
US,"Chewy Pharmacy, LLC",,"chewy.pharmacy
chewy.com",Veterinary Pharmacy
US,Chinook Health,,"chinookrx.pharmacy
chinookrx.com",Pharmacy
US,Chippewa Pharmacy Inc,The Medicine Shoppe,"chippewafallsmedicineshoppe.pharmacy
chippewafalls.medicineshoppe.com",Pharmacy
US,"Choice Health Services, Inc",Choice Pharmacy,"choice.pharmacy
choicepharmacies.com",Pharmacy
US,"CHS Pharmacy Services, Inc",CarolinaCARE,"carolinacarerx.pharmacy
carolinacarerx.org",Pharmacy
US,Church Square Pharmacy,LowCost Pharmacy,"lowcostpharmacies.pharmacy
lowcostpharmacies.com",Pharmacy 
US,"Clarence Pharmacy, LLC",Clarence Pharmacy,"Clarencepharmacy.pharmacy
clarencepharmacy.net",Pharmacy
US,"Clark's Specialty Pharmacy, LLC",claRx Big Country Dermatology Pharmacy,"bigcountry.pharmacy
bigcountrypharmacy.com",Pharmacy
US,Coastline Pharmacy LLC,,"coastline.pharmacy
coastlinepharmacy.com",Pharmacy
US,"Coburn's Pharmacy, LLC",,"coburns.pharmacy
coburnspharmacy.com",Pharmacy
Canada,College of Pharmacists of British Columbia,,"bc.pharmacy
bcpharmacists.org",Boards of Pharmacy and Regulatory Agencies
US,"Collier Drug Stores, Inc.",,"collierdrug.pharmacy
collierdrug.com",Pharmacy
US,Columbia Chemists LLC,Feldman's Medical Center Pharmacy,"feldmans.pharmacy
feldmanspharmacy.com",Pharmacy
US,Community Specialty Pharmacy,DelivMeds,comsprx.pharmacy,Pharmacy
US,Cooper Drug Inc,"Golden Plains Pharmacy Services, LLC","cooperdrugstore.pharmacy
cooperdrugstore.com",Pharmacy
US,Core Veterinary Compounding Pharmacy,Core Veterinary Compounding Pharmacy,"corevetmed.pharmacy
corevetmed.com",Veterinary Pharmacy
US,Corner Drug Co.,,"cornerdrugco.pharmacy
cornerdrugco.com",Pharmacy
US,Cornerstone Pharmacy Inc,Cornerstone Pharmacy and Compounding,"compoundingatcornerstone.pharmacy
compoundingatcornerstone.com",Pharmacy
US,"Cosmetic Dermatology Center, PLC",Cosmetic Dermatology Center,"cosmetic-dermatology-center.pharmacy
schonskin.pharmacy
cosmetic-dermatology-center.com schonskin.com",Professional
Canada,Costco Wholesale Corporation,Costco Wholesale Pharmacy,"costcocanada.pharmacy
costcopharmacy.ca",Pharmacy
US,Costco Wholesale Corporation,"Costco Wholesale
Costco Pharmacy","costco.pharmacy
costco.com",Pharmacy
US,Credena Health LLC,,"credenahealth.pharmacy 
credenarx.pharmacy
credenahealth.org
credenarx.com",Pharmacy
US,"CSR Company, Inc","PetPawsRx
American Veterinary Pharmaceuticals
CSR Summitt","petsuppliesdelivered.pharmacy
petpawsrx.pharmacy
petpawsrx.com",Veterinary Pharmacy
US,Curative Pharmacy,Curative Pharmacy,"curative.pharmacy
curative.com",Pharmacy
US,Curators of the University of Missouri,Mizzou Pharmacy,"mizzoupharmacy.pharmacy
muhealth.org",Pharmacy
US,"CVS Pharmacy, Inc.",,"cvs.pharmacy 
cvs.com",Pharmacy
US,D&N Corp,Value Mart Pharmacy,"valuemartrx.pharmacy
valuemartrx.com",Pharmacy
US,Dalcoma Specialty Pharmacy LLC,,"dalcomarx.pharmacy
dalcomarx.com",Pharmacy
US,Daytona Discount Pharmacy Inc,Daytona Discount Pharmacy,"DAYTONADISCOUNT.pharmacy
https://www.facebook.com/DAYTONADISCOUNTPHARMACY/",Pharmacy
US,"Debbie's Family Pharmacy, Inc",Debbie's Family Pharmacy,"debbiesfamilyrx.pharmacy
debbiesfamilypharmacy.com",Pharmacy
US,"Dechra Veterinary Products, LLC",,"dechra-us.pharmacy
dechra-us.com",Pharmaceutical Manufacturer
US,Delaware State Board of Pharmacy,,"deboard.pharmacy 
dpr.delaware.gov/boards/pharmacy/index.shtml",Boards of Pharmacy and Regulatory Agencies
US,Devron System Inc,Simple Rx Pharmacy,"simplerx.pharmacy
simplerxpharmacy.com",Pharmacy
US,Digino's Apothecary,PersonalRX,"personalrx.pharmacy
personalrx.com",Pharmacy
US,Dimensions Health Corporation,UMMC Pharmacy at Capital Region,"ummc.pharmacy
ummc.org",Pharmacy
US,"DLP Conemaugh Memorial Medical Center, LLC",Conemaugh Memorial Medical Center,"conemaugh.pharmacy
conemaugh.org",Pharmacy
US,"Doctor Kev RX, INC",The Compounding Pharmacist,"thecompoundrx.pharmacy
thecompoundrx.com",Pharmacy
US,Don's Pharmacy,,"donsrx.pharmacy
donsrx.com",Pharmacy
US,Double Oak Mountain Pharmacy,,"doubleoakmountain.pharmacy
DoubleOakMountainRX.com",Pharmacy
US,Downtown Pharmacy Inc,Lone Pine Drug,"lonepinedrug.pharmacy
lonepinedrug.com",Pharmacy
US,Drug Mart Tallman Inc,,"drugmarts.pharmacy
drugmarts.com",Pharmacy
US,DSY Pharmacy Inc.,Ace Medical Pharmacy,"acemedicalpharmacy.pharmacy
acemedicalpharmacy.com",Pharmacy
US,Dulivuto Corp,Friendswood Health Mart Pharmacy,"friendswoodhealthmart.pharmacy
friendswoodhealthmartpharmacy.com",Pharmacy
US,"East Coast Compounding and Pharmacy, LLC",,"eastcoastcompounding.pharmacy
eastcoastcompounding.com",Pharmacy
US,East Phillips County Hospital District,MMH Hometown Pharmacy,"melissamemorial.pharmacy
melissamemorial.org",Pharmacy
US,Elements Compounding Pharmacy LLC,"Elements Compounding Pharmacy
Elements Pharmacy","elements.pharmacy
elementspharmacy.com",Pharmacy
US,Elite Beauty & Wellness Physician Assistant Corporation,,"elitebeautyandwellnesspacorp.pharmacy
elitebeautyandwellnesspacorp.com",Professional
US,EllieMD LLC,,"elliemd.pharmacy 
elliemd.com",Professional
US,Elm Pharmacy,,"elm.pharmacy
elmpharmacy.biz",Pharmacy
US,Emory Centre Pharmacy,,"emory.pharmacy
emorycentrepharmacy.com",Pharmacy
US,EndoDerm Laboratories LLC,,"cutocin.pharmacy
cutocin.com",Pharmacy
US,"Entirelypets Pharmacy, LLC",,"entirelypetspharmacy.pharmacy
entirelypetspharmacy.com",Veterinary Pharmacy
US,"EP Medical Equipment, Inc.","EP Medical Equipment Pharmacy
EP LTC Pharmacy","eppharmacy.pharmacy
eppharmacy.com",Pharmacy
US,Epiphany Compounding,,"epiphany.pharmacy
epiphanyaz.com",Pharmacy
US,Epiq Scripts,,"epiqscripts.pharmacy
epiqscripts.com",Pharmacy
US,Eric's RX LLC,Eric's RX Shoppe,"erics.pharmacy
ericsrx.com",Pharmacy
US,ESI Mail Pharmacy Service Inc ,Express Scripts ,"express-scripts.pharmacy
cigna.pharmacy
teldrug.pharmacy
express-scripts.com 
my.cigna.com",Pharmacy
US,EVERSPRING LLC,,"everspring.pharmacy
everspringrx.com",Pharmacy
US,Evolve Medical Services PC San Diego LLC,,"evolvemedicalservicessd.pharmacy
evolvemedicalservicessd.com",Professional
US,Exclusivet LLC,Ourpetsrx,"ourpetsrx.pharmacy
ourpetsrx.com",Veterinary Pharmacy
US,ExperienceCare Pharmacy LLC,ExperienceCare Specialty Pharmacy,"ecspecialtyrx.pharmacy
ecspecialtyrx.com",Pharmacy
US,"Express Scripts Specialty Distribution Services, Inc.
",,"essds.pharmacy
essds.com",Pharmacy
US,"Extended Living Pharmacy, LLC",ELP,"extendedpharmacy.pharmacy
extendedpharmacy.com",Pharmacy
US,Falcon6 Pharmacy #1 LLC,Broad Creek Pharmacy,"broadcreekrx.pharmacy
facebook.com/broadcreekpharmacy",Pharmacy
US,Family Fare LLC,"Family Fare
VG's
D&W
Forest Hills Pharmacy","shopfamilyfare.pharmacy
shopfamilyfare.com",Pharmacy
US,"FBN Inputs, LLC",FBN Direct,"fbn.pharmacy
fbn.com",Veterinary Pharmacy
US,"FFP, LLC",Biomatrix Specialty Pharmacy,"biomatrix.pharmacy
biomatrixsprx.com",Pharmacy
Canada,Fisher Pharmacy Ltd,,"vanier.pharmacy
vanierpharmacy.ca",Pharmacy 
US,FISHHAT INC,Medicine Chest Pharmacy,"themedchest.pharmacy
themedchest.com",Pharmacy
US,Flatirons Family Pharmacy Inc,Flatirons Family Pharmacy,"flatironsrx.pharmacy
flatironsrx.com",Pharmacy
US,Florida Cancer Specialists,"Rx To Go, LLC","rxtogo.pharmacy
flcancer.com",Pharmacy
US,Follansbee Pharmacy Inc,,"tsmg.pharmacy
tristatemedicalgroup.com",Pharmacy
US,"Food Lion, LLC",,"foodlion.pharmacy
foodlion.com",Pharmacy
US,Food Merchants LLC,"Alps Pharmacy
Alps Specialty Pharmacy
Alps Long Term Care Pharmacy
Alps Health
Alps Home Medical Equipment","alps.pharmacy
alpspharmacy.com",Pharmacy
US,"Fort Worth Pharmacy, LLC",Fort Worth Pharmacy,"fwpharm.pharmacy
fwpharm.com",Pharmacy
US,Fortis Holding Company,Specialty Medical Drugstore,"gogomeds.pharmacy
gogomeds.com",Pharmacy
US,"Frank L. Stile M.D., PC.",Dr. Stile,"drstile.pharmacy
lasvegasskinpros.pharmacy
drstile.com
lasvegasskinpros.com",Professional
US,Freedom Pharmacy LLC,Freedom Pharmacy,"freedompharmacyrx.pharmacy
freedompharmacyrx.com",Pharmacy
US,Fresenius Medical Care Rx,,"freseniusrx.pharmacy
freseniusrx.com",Pharmacy
US,Fulton Pharmacy,Whitesell Pharmacy,"whitesells.pharmacy
whitesells.com",Pharmacy
US,"G&E Ventures, Inc",Granite Pharmacy Health Solutions,"granite.pharmacy
granitepharmacy.com",Pharmacy
US,"G&M of Oxford, Inc",,"gandm.pharmacy
gandmpharmacy.com",Pharmacy
US,Galleria Medical Pharmacy,,"galleriamed.pharmacy
galleriamedpharmacy.com",Pharmacy
US,"Gateway Pharmacy, LLC","Gateway Pharmacy North
Gateway Pharmacy South
Gateway Pharmacy Sunrise
Gateway Pharmacy Mandan
Gateway Pharmacy Labs","gatewaypharmacy.pharmacy
gatewaypharmacy.com",Pharmacy
US,"Gaughn's Drug Store, Inc",Gaughn's Drug Store,"gaughns.pharmacy
gaughns.com",Pharmacy
US,"Genesis Apothecary, Inc.",Rosh Pharmacy,"rosh.pharmacy
roshpharmacyservices.com",Pharmacy
US,Genscripts Pharmacy,,"genscripts.pharmacy
genscripts.com",Pharmacy
US,"Gentry Health Services, Inc.",Gentry Health Services ,"gentryhealthservices.pharmacy
gentryhealthservices.com",Pharmacy
US,"Geritom Med, Inc.",Geritom Medical,"geritommedical.pharmacy
geritommedical.com",Pharmacy
US,Gibson Apothecary LLC,ALVA Pharmacy,"alva.pharmacy
facebook.com/people/ALVA-Pharmacy/61568695864181/",Pharmacy
US,"Gifthealth, Inc",Gifthealth Pharmacy,"gifthealth.pharmacy
gifthealth.com",Pharmacy
US,Glenview Professional Pharmacy INC,,"glenviewrx.pharmacy
glenviewrx.com",Pharmacy
US,Globe Drug Store,,"globedrugstore.pharmacy
globedrugstore.net",Pharmacy
US,GNR PLLC,PHD Pharmacy,"phdcleveland.pharmacy
phdcleveland.com",Pharmacy 
US,"Gold Country Compounding, LLC",Gold Country Compounding,"goldcountry.pharmacy
goldcountrycompounding.com",Pharmacy
US,"Golden Gate Pharmacy Services, Inc",Golden Gate Pharmacy Services,"ggprx.pharmacy
ggprx.com",Pharmacy
US,Good Life Health Services Inc,Good Life Discount Pharmacy,"goodlife.pharmacy
goodliferx.com",Pharmacy
US,Good Pharma Compounding Pharmacy,,"goodpharma.pharmacy
goodpharma.com",Pharmacy
US,Goodrich Pharmacy Inc,Goodrich Pharmacy LTC,"goodrich.pharmacy
goodrichpharmacy.com",Pharmacy 
US,"GoodRx, Inc.",,"goodrx.pharmacy
goodrx.com",Resources and Referral Sites
US,Grandhi LLC,Medical Arts Pharmacy,"medicalarts.pharmacy
medicalartspharmacy.org",Pharmacy
US,Granger Genetics LLC,Granger Pharmacy,"grangerrx.pharmacy
grangerrx.com",Pharmacy
US,Grassy Sprain Pharmacy Inc.,,"grassysprainpharmacy.pharmacy
grassysprainpharmacy.com",Pharmacy
US,GREAT RX PHARMACY,,"greatrx.pharmacy
greatrxpharmacy.com",Pharmacy
US,Green Oaks Pharma Inc,DFW Wellness Pharmacy,"dfwwellness.pharmacy
dfwwellnesspharmacy.com",Pharmacy
US,Guidepoint Pharmacy,,"guidepoint.pharmacy
guidepointpharmacyrx.com",Pharmacy
US,Guy brewer pharmacy Inc,,"guybrewerpharmacy.pharmacy
guybrewerpharmacy.com",Pharmacy
US,H&N Pharmacy LLC,University Pharmacy of Coral Gables,"medipond.pharmacy
medipond.com",Pharmacy
US,Hannaford Bros. Co. LLC,,"hannaford.pharmacy
hannaford.com",Pharmacy
US,"Hardy Paw Rx, Inc.",,"hardypaw.pharmacy
hardypaw.com",Veterinary Pharmacy
US,Harleyville Drug LLC,Harleyville Drug,"harleyvilledrug.pharmacy
harleyvilledrug.com",Pharmacy
US,Harper's Pharmacy Inc.,"AmeriPharma
AmeriPharma Specialty Care
AmeriPharma Infusion Center
MedBox","medbox.pharmacy
ameripharma.pharmacy
ameripharmaspecialty.pharmacy
medbox.com
ameripharma.com
ameripharmaspecialty.com",Pharmacy
US,Harrold's Pharmacy,,"harrolds.pharmacy
harroldspharmacy.com",Pharmacy
US,Hartig Drug Company,,"hartigdrug.pharmacy
hartigdrug.com",Pharmacy
US,Hartsdale Drug Inc,Hartdale Pharmacy,"hartsdalerx.pharmacy
hartsdalerx.com",Pharmacy
US,"Hayes Inspirations, LLC",Mountain Care Pharmacy,"mountaincare.pharmacy
mtncarerx.com",Pharmacy
US,HCA Healthcare,Mission Pharmacy- Employee Mail Order,"missionhealth.pharmacy
missionhealth.org",Pharmacy
US,"Healthcare Pharmacy, Inc",,"healthcarerx.pharmacy
healthcarerxbooks.com",Pharmacy
US,Healthcare Ventures Group LLC,,"340bpharm.pharmacy
340bpharm.com",Pharmacy
US,"HealthDirect Institutional Pharmacy Services, Inc.",,"hdrxservices.pharmacy
hdrxservices.com",Pharmacy
US,Healthi Rx,,"healthi.pharmacy
healthi.com",Pharmacy
Canada,HealthPRO Procurement Services Inc.,,"healthpro.pharmacy
healthprocanada.com",Professional
US,HEALTHSTAT RX LLC,,"curanthealth.pharmacy
curanthealth.com ",Pharmacy
US,"Healthwarehouse.com, Inc",HealthWarehouse.com,"healthwarehouse.pharmacy 
hewa.pharmacy
healthwarehouse.com",Pharmacy
US,Healthwise Pharmacy,Giant Genie Pharmacy Matthews,giantgeniepharmacy.pharmacy,Pharmacy
US,Healthwise Pharmacy II Inc,Health Wise Pharmacy,"thehealthwisenyc.pharmacy
thehealthwisenyc.com",Pharmacy
US,Heartland Veterinary Pharmacy LLC,Heartland Veterinary Pharmacy,"heartland.pharmacy
cat.pharmacy
dog.pharmacy
heartlandvetsupply.com",Veterinary Pharmacy
US,HEBCO GP LLP,HEB Grocery Company LP,"heb.pharmacy
h-e-b.pharmacy
hebrx.pharmacy
heb.com",Pharmacy
US,Hematology & Oncology Consultants Pharmacy,,"hoccancercare.pharmacy
hoccancercare.com",Pharmacy
US,Henry Ford Health System,Henry Ford Pharmacy Advantage Southfield,"pharmacyadvantagerx.pharmacy
pharmacyadvantagerx.com",Pharmacy
US,HM Bloomingdale LLC,Bell Pharmacy 001,"bellspecialty.pharmacy
bellspecialtypharmacy.com",Pharmacy
US,"HMQC, Inc",Modern Health Pharmacy,"modernhealth-rx.pharmacy
modernhealth-rx.com",Veterinary Pharmacy
US,Hobbs Pharmacy United,Hobbs Pharmacy,"hobbsrx.pharmacy
hobbsrx.com",Pharmacy
US,Holts Healthcare Pain & Wellness,,"bma.pharmacy
beautesolutions.shopping",Pharmacy
US,"HomeTown Pharmacy, Inc",,"hometown.pharmacy
hometownpharmacy.com",Pharmacy
US,"Honeybee Health, Inc.",Honeybee Health,"honeybee.pharmacy
honeybeehealth.pharmacy
honeybeehealth.com",Pharmacy
US,Humana Pharmacy Inc,Humana Specialty Pharmacy & Humana Pharmacy,"centerwellspecialtypharmacy.pharmacy
centerwellpharmacy.pharmacy
centerwellspecialtypharmacy.com
centerwellpharmacy.com",Pharmacy
US,"Hy - Vee, Inc",,"hy-vee.pharmacy
hy-vee.com",Pharmacy
US,HYVACS LLC,,"hvrxsolutions.pharmacy
hvrxsolutions.com",Pharmacy
US,"Indiana University Health, Inc",,"iuhealth.pharmacy
iuhealth.org",Pharmacy
US,"Infinity Compounding Solutions, LLC",Infinity Care Solutions,"infinity.pharmacy
icsrx.pharmacy
icsrx.com",Pharmacy
US,"Infinity Pharmacy Solutions, LLC",,"infinitypharmacy.pharmacy
infinitypharmacy.com",Pharmacy
US,"Infinity Pharmacy, LLC",,"infinityspecialty.pharmacy
infinityspecialty.com",Pharmacy
US,Infuserve America,Infuserve America,"infuserveamerica.pharmacy
infuserveamerica.com",Pharmacy
US,"Ingles Markets, Inc.",,"ingles.pharmacy
ingles-pharmacy.com",Pharmacy
US,"Inland Pharmacy, Inc",Inland Pharmacy,"inland.pharmacy
inlandpharmacy.com",Pharmacy
US,Innovarx Inc,,"innovarx.pharmacy
innovarxhealth.com",Pharmacy
Canada,innoviRed Healthcare Services Inc,MyRed.ca,"MyRed.pharmacy
MyRed.ca",Resources and Referral Sites
US,Inside Rx,,"justrx.pharmacy
insiderx.pharmacy
insiderxpets.pharmacy
justrx.com
insiderx.com",Resources and Referral Sites
US,"Inspira Medical Centers, Inc.",Inspira Health Pharmacy - Vineland,"inspirahealth.pharmacy
inspirahealthnetwork.org",Pharmacy
Netherlands,International Pharmaceutical Federation,FIP,"fip.pharmacy
congress.pharmacy
fip.org
congress.fip.org",Associations and Consumer Advocacy
US,Intra-Sana Laboratories,Intra-Sana Laboratories,"intrasanalaboratories.pharmacy
intrasanalaboratories.com",Pharmaceutical Manufacturer
US,Iowa Board of Pharmacy,,"iaboard.pharmacy
ia.pharmacy
pharmacy.iowa.gov",Boards of Pharmacy and Regulatory Agencies
US,Iowa Prescription Drug Corporation,SafeNetRx,"safenetrx.pharmacy
safenetrx.org",Pharmacy
US,Ivation Pharmacy LLC,,"ivationrx.pharmacy
ivationrx.com",Pharmacy
US,IVI Pharmacy Inc,Femme Fatale Rx,"brigent.pharmacy
brigent.com",Pharmacy
US,J&B Pharmacy Services Inc,,"jandbpharmacy.pharmacy
jandbpharmacy.com",Pharmacy
US,Jafa Pharmaceuticals,Creekside Pharmacy,"creekside.pharmacy
santarosa.medicineshoppe.com",Pharmacy
US,"JAT Pharmacy, LLC","JAT Pharmacy, LLC","jatpharmacy.pharmacy
midwestvet.pharmacy
myvetstoreonline.pharmacy
jatpharmacy.com
midwestvet.net 
myvetstoreonline.com",Veterinary Pharmacy
US,"JCH Pharmacy Holdings, Inc",Pucci's Pharmacy,"puccirx.pharmacy
puccirx.com",Pharmacy
US,"JCH Pharmacy LA, Inc",Eddie's Pharmacy,"eddiespharmacy.pharmacy
eddiespharmacy.com",Pharmacy 
US,Jeffers Inc.,,"jefferspet.pharmacy
jefferspet.com",Veterinary Pharmacy
US,"JKR Pharmacy Ventures, LLC",Doc Lane's Veterinary Pharmacy,"doclanes.pharmacy
doclanes.com",Veterinary Pharmacy
US,JLM Pharmacy Inc.,Home Care Pharmacy,"homecare.pharmacy
homecaresv.com",Pharmacy
US,Jolanto Corp,Memorial Pharmacy,"memorial.pharmacy
memorialpharmacyrx.com",Pharmacy
US,Jolly's Pharmacy,Ready Meds Pharmacy,"readymedspharmacy.pharmacy
readymedspharmacy.com",Pharmacy
US,JS Capital Group,Brookvale Pharmacy,"brookvalerx.pharmacy
brookvalerx.com",Pharmacy
US,JWA Services Inc,Simply Pharmacy,"simplypharmacy.pharmacy
simplypharmacy.biz",Pharmacy
US,K & J Rx Inc,Anderson Bros. Town and Country Pharmacy,"andersonbrospharmacy.pharmacy
andersonbrospharmacy.com",Pharmacy
US,K & K Drugs Inc,Downtown,"downtownpharmacync.pharmacy
downtownpharmacync.com",Pharmacy
US,K & S Kaplan Inc,Scott Drugs,"scottdrugs.pharmacy
yelp.com/biz/scott-drugs-burbank-3?osq=scott+drugs",Pharmacy
US,"K Pharmacy, LLC",,"kpharmacyllc.pharmacy
kpharmacyllc.com",Pharmacy
US,Kamran Pharmacy Inc,,"familypharmacyny.pharmacy
familypharmacyny.com",Pharmacy
US,Kansas Board of Pharmacy,,"ksboard.pharmacy
pharmacy.ks.gov",Boards of Pharmacy and Regulatory Agencies
US,Kaup Pharmacy,,"kauptpn.pharmacy
kauptpn.com",Pharmacy
US,KavanaughRx LLC,Kavanaugh Pharmacy,"KavanaughRx.pharmacy
kavanaughrx.com",Pharmacy
US,Kiowa County Pharmacy,,"kiowacountyrx.pharmacy
kiowacountyrx.com",Pharmacy
US,KKN Pharmacy Corporation,The Druggist,"druggist.pharmacy
druggistpharmacy.com",Pharmacy
US,KM Network Inc,Courtyard Pharmacy,"courtyardpharmacy.pharmacy
courtyardpharmacy.com",Pharmacy
United Kingdom,Knights Pharmacy,,"knights.pharmacy
knightspharmacy.co.uk",Pharmacy
US,Koala Pharmacy Boston LLC,,"koala.pharmacy
koala.health",Veterinary Pharmacy
US,KODO Care,,"kodocare.pharmacy
kodocare.com",Pharmacy
US,"KPH Healthcare Services, Inc.",Kinney Drugs,"kinneydrugs.pharmacy
kinneydrugs.com",Pharmacy
US,Krishna Healthmeds LLC,Saint Peters Community Pharmacy,"stpeterscommunity.pharmacy
stpeterscommunitypharmacy.com",Pharmacy
US,KSP Specialty Pharmacy,,"ksppharmacy.pharmacy
ksppharmacy.org",Pharmacy
US,L&C Drug Corp,Bethpage Medical Pharmacy,"bethpagemedical.pharmacy
bethpagemedicalpharmacy.com",Pharmacy
US,L&C Prescriptions Inc,"Louis & Clark Pharmacy
Louis & Clark Drug #572","medibubble.pharmacy
medibubble.com",Pharmacy
US,"Lambert Vet Supply, LLC",,"petschoicepharmacy.pharmacy
petsupplies4less.pharmacy
lambertvetsupply.pharmacy
petschoicepharmacy.com
petsupplies4less.com
lambertvetsupply.com",Veterinary Pharmacy
US,Layton Pharmacy LLC,Layton Family Pharmacy,"Laytonfamily.pharmacy
laytonfamilypharmacy.com",Pharmacy
US,"Leedstone, Inc",,"leedstone.pharmacy
leedstone.com",Veterinary Pharmacy
US,Lee's Marketplace,"Lee's Marketplace Smithfield Pharmacy
Lee's Marketplace Logan Pharmacy
Lee's Marketplace Heber City Pharmacy
Lee's Marketplace North Ogden Pharmacy
Lee's Marketplace Foxboro Pharmacy
Lee's Marketplace","leesmarketplace.pharmacy
leesmarketplace.com",Pharmacy
US,LegrandeRx Pharmacy LLC ,,"lgrxpharmacy.com
legranderx.pharmacy",Pharmacy
US,Lido Pharmacy LLC,Newport Lido Pharmacy,"newportlidopharmacy.pharmacy
newportlidopharmacy.com",Pharmacy
US,"Light On Anxiety, PC",Light On Anxiety Treatment Centers,"lightonanxiety.pharmacy
lightonanxiety.com",Professional
US,Live Oak Pharmacy,Live Oak Pharmacy LLC,"liveoak.pharmacy
liveoakpharmacy.info",Pharmacy
US,Live Well Drugstore,TruLife Pharmacy,"trulife.pharmacy
trulifepharmacy.net",Pharmacy
US,LJP Solutions LLC,LJP Medical Solutions,"cgmforfree.pharmacy
cgmforfree.com",Pharmaceutical Manufacturer
Canada,Loblaw Companies Ltd,,"shoppersdrugmart.pharmacy
realcanadiansuperstore.pharmacy
fortinos.pharmacy
independentcitymarket.pharmacy
newfoundlandgrocerystores.pharmacy
atlanticsuperstore.pharmacy
nofrills.pharmacy
extrafoods.pharmacy
valumart.pharmacy
yourhealthmattershere.pharmacy
yourindependentgrocer.pharmacy
zehrs.pharmacy
loblaws.pharmacy
pharmaprix.pharmacy
pchealth.pharmacy
pchealth.ca
realcanadiansuperstore.ca
fortinos.ca
newfoundlandgrocerystores.ca
independentcitymarket.ca
atlanticsuperstore.ca
nofrills.ca
extrafoods.ca
valumart.ca
yourindependentgrocer.ca
zehrs.ca
loblaws.ca
pharmaprix.ca
shoppersdrugmart.ca
erefill.yourhealthmattershere.ca 
provigo.ca 
wholesaleclub.ca",Pharmacy
Canada,London Drugs Ltd.,,"londondrugs.pharmacy
londondrugs.com",Pharmacy
US,Lone Oak Pharmacy,,"loneoak.pharmacy
loneoakpharmacy.com",Pharmacy
US,Louisiana Board of Pharmacy,,"laboard.pharmacy
pharmacy.la.gov",Boards of Pharmacy and Regulatory Agencies
US,Louisiana Board of Pharmacy,,"la.pharmacy
pharmacy.la.gov",Boards of Pharmacy and Regulatory Agencies
US,LTC Scripts Inc,LTC Scripts,"ltcscripts.pharmacy
ltcscripts.com",Pharmacy
US,Luna Aesthetics & Weight Loss,,"lunaaesthetics.pharmacy
lunaorlando.com",Pharmacy
US,Lynnfield Drug Inc.,Freedom Fertility Pharmacy,"freedomfertility.pharmacy
freedomfertility.com",Pharmacy
US,"M & M Meds, Inc",Hume Pharmacy,"hume.pharmacy
humerx.com",Pharmacy
US,"M2Pharma, Inc",Medical Square Pharmacy,"medicalsquarerx.pharmacy
stud-rx.com",Pharmacy
US,"MACT Health Board, Inc",MACT Pharmacy,"macthealth.pharmacy
MACTHealth.org",Pharmacy
US,Madame Rx LLC,Chemistry Rx,"chemistryrx.pharmacy
chemistryrx.com",Pharmacy
US,"Magnum Compounding, LLC",,"magnumcompounding.pharmacy
magnumcompounding.com",Pharmacy
US,MAHIMN RX LLC,Oaks Pharmacy,"oakspharmacy.pharmacy
mygnp.com/pharmacies/oaks-pharmacy-longwood-fl-32750/",Pharmacy
US,Managed Health Solutions LLC,,"mhs.pharmacy
managedhealthsolutionsrx.com",Pharmacy
Canada,Manitoba College of Pharmacists,,"mbcollege.pharmacy
cphm.ca",Boards of Pharmacy and Regulatory Agencies
Canada,Maple Corporation,Maple,"getmaple.pharmacy
getmaple.ca",Professional
US,Marley Drug Inc,,"marleydrug.pharmacy
marleydrug.com",Pharmacy
US,"Mary & Joseph Food and Drug Company, LLC",A Nice Apothecary,"anicerx.pharmacy
anicerx.com",Pharmacy
US,"Maxor National Pharmacy Services, LLC",,"maxor.pharmacy
maxor.com",Pharmacy
US,Mayo Pharmacy Inc,,"mayopharmacynd.pharmacy
mayopharmacynd.com",Pharmacy
Canada,McKesson Canada Corporation,McKesson Canada,"medicineshoppe.pharmacy
medicineshoppe.ca
",Pharmacy
Canada,McKesson Specialty Prescription Services,Well.ca Pharmacy East,"well.pharmacy
well.ca",Pharmacy
US,MDMX Corporation,Corona Specialty Pharmacy,"coronaspecialty.pharmacy
CoronaSpecialtyPharmacy.com",Pharmacy
US,Medcore Inc,Davis Pharmacy,"davis.pharmacy
davispharm.com",Pharmacy
US,Medford Chemists Inc,,"medfordchemists.pharmacy
medfordchemists.com",Pharmacy
US,Medical Management International,Banfield Pet Hospital,"banfield.pharmacy
shop.banfield.com",Resources and Referral Sites
US,Medical Metrics LLC,Express Vet Pharmacy,"expressvet.pharmacy
expressvetpharmacy.com",Veterinary Pharmacy
US,Medical Security Card Company LLC,ScriptSave,"americaspharmacy.pharmacy
scriptsave.pharmacy
wellrx.pharmacy
wellrxpremier.pharmacy
americaspharmacy.com
scriptsave.com
wellrx.com
wellrxpremier.com",Resources and Referral Sites
US,"Medicine Man Pharmacy, Inc",Medicine Man Pharmacy,"medicineman.pharmacy
medicinemanpharmacy.org",Pharmacy
US,MediLink RxCare,,"medilinkrxcare.pharmacy
medilinkrxcare.com",Pharmacy
US,MedImpact Healthcare Systems Inc.,,"medimpact.pharmacy
medimpact.com",PBM
US,Mediwell Pharmacy LLC,MediWell Pharmacy,"mediwellNJ.pharmacy
mediwellpharmacynj.com",Pharmacy
US,Medminder Systems Inc,,"medminder.pharmacy
medminder.com",Pharmacy
US,"MedOne, L.C.","MedOne Healthcare Systems
MedOne Pharmacy Services","medone.pharmacy
medone-rx.com",PBM
US,Medplus Pharmacy LLC,Medplus Pharmacy,"mplusrx.pharmacy
mplusrx.com",Pharmacy
US,"MedRock TN, LLC",MedRock TN Pharmacy,"medrock.pharmacy
medrockpharmacy.com",Pharmacy
US,Medwiz Specialty Pharmacy,,"medwizrx.pharmacy
medwizrx.com",Pharmacy
Canada,Medzy Inc,"Pharmacie Sonia Boutin
Pharmacie Sonia Boutin affiliée à Medzy
Pharmacy Sonia Boutin affiliated to Medzy","medzy.pharmacy
medzy.ca",Pharmacy
US,Mega Aid Pharmacy II Inc,,"mega-aid.pharmacy
mega-aid.com",Pharmacy
US,Meijer Inc ,,"meijer.pharmacy
meijerpharmacy.pharmacy
meijerspecialtypharmacy.pharmacy
meijerspecialtypharmacy.com
meijer.com ",Pharmacy
US,METRO DRUGS,Metro Drugs Pharmacy Dept,"metrodrugs.pharmacy
metrodrugs.com",Pharmacy
US,Metrocare Services,Lifepath Pharmacy,"metrocareservices.pharmacy
metrocareservices.org",Pharmacy
US,MHWS Corp,Calicare Pharmacy,"calicare.pharmacy
facebook.com/calicarepharmacy",Pharmacy
US,"Michael Stallings DMD, LLC",Stallings Dental,"stallingsdental.pharmacy
stallings.dental",Professional
US,"Midwest Family Health of Smith Center, LLC",,"midwestfamilyhealth.pharmacy
midwestfamilyhealth.com",Pharmacy
US,Millennia Health LLC,HealthFirst Pharmacy,"healthfirst.pharmacy
Health1stRx.com",Pharmacy
US,Minimed Distribution Corp,,"medtronicdiabetes.pharmacy
medtronicdiabetes.com",Pharmacy
US,Minnesota Board of Pharmacy,,"mnboard.pharmacy
mn.gov/boards/pharmacy",Boards of Pharmacy and Regulatory Agencies
US,Mint Hill Pharmacy,,"minthillpharmacy.pharmacy
minthillpharmacy.com",Pharmacy
US,Mirror Mirror Med Spa,,"mirrormedspa.pharmacy
mirrormedspa.com",Professional
US,"Mixlab, Inc.",,"mixlab.pharmacy
mixlab.com",Veterinary Pharmacy
US,"MJRX II, LLC",Best Buy Drugs,"bestbuydrugs.pharmacy
bestbuydrugs.net",Pharmacy
US,"MJRX III, LLC","Rx Innovations,LC","rxinnovationslc.pharmacy
rxinnovationslc.net",Pharmacy
US,"MJRX, LLC",Rx Innovations,"rxinnovations.pharmacy
rxinnovations.net",Pharmacy
US,MMG Pharma LLC,Cross Pharmacy,"cross.pharmacy
cross-pharmacy.com",Pharmacy
US,Montefiore Medical Center,Montefiore Community Pharmacy @ Moses,"montefiore.pharmacy
montefiore.org",Pharmacy
US,MR DISCOUNT DRUGS INC,,"mrdiscountdrugswm.pharmacy
facebook.com/MrDiscountDrugsIncWM",Pharmacy
US,MRA PATIENT CARE LLC,MRA PATIENT CARE PHARMACY,"mra.pharmacy
mrapharmacy.com",Pharmacy
US,"MST Management, LLC",Vidapharmacy,"myvidapharmacy.pharmacy
myvidapharmacy.com",Pharmacy
US,Mulkay Drugs INC,,"mulkaydrugs.pharmacy
https://www.facebook.com/profile.php?id=100057583143565",Pharmacy
US,"MVP Pharmacy, LLC",Mountain View Pharmacy,"mtview.pharmacy
mtviewpharmacy.com",Pharmacy
Us,NABP District 1,,"nabpdistrict1.pharmacy
nabpdistrict1.org",Boards of Pharmacy and Regulatory Agencies
US,NAKEDMD INC,,"nakedmd.pharmacy
nakedmd.com",Professional
Finland,Nanoform Finland Oyj,"Nanoform Finland Plc
Nanoform Finland Inc
Nanoform Finland Oyj","nanoform.pharmacy
nanoform.com",Pharmaceutical Manufacturer
US,Nates Specialty Pharmacy,Enexia Specialty,"enexiaspecialty.pharmacy
enexiaspecialty.com",Pharmacy
US,National Association of Boards of Pharmacy,,DSCSA.pharmacy,Associations and Consumer Advocacy
US,National Association of Boards of Pharmacy,,nabplaw.pharmacy,Associations and Consumer Advocacy
US,National Association of Boards of Pharmacy,,pulse.pharmacy,Associations and Consumer Advocacy
US,National Association of Boards of Pharmacy,,awarerx.pharmacy ,Associations and Consumer Advocacy
US,National Association of Boards of Pharmacy,,safe.pharmacy,Associations and Consumer Advocacy
US,National Association of Boards of Pharmacy,,nabpannualmeeting.pharmacy ,Associations and Consumer Advocacy
US,National Association of Boards of Pharmacy,,nabp.pharmacy,Associations and Consumer Advocacy
US,Neighborhood Chemists Corp,,"ptm.pharmacy
pharmacyto.me",Pharmacy
US,Neighbors Pharmacy,,"neighborspharmacy.pharmacy
neighborspharmacy.com",Pharmacy
Canada,New Brunswick College of Pharmacists,,"nbcollege.pharmacy
nbcp.pharmacy
nbpharmacists.ca",Boards of Pharmacy and Regulatory Agencies
US,New Hampshire Board of Pharmacy,,"nhboard.pharmacy
oplc.nh.gov/board-pharmacy",Boards of Pharmacy and Regulatory Agencies
US,New Jersey State Board of Pharmacy,,"njboard.pharmacy 
nj.pharmacy
njconsumeraffairs.gov/phar",Boards of Pharmacy and Regulatory Agencies
US,New Mexico Board of Pharmacy,,"nmboard.pharmacy
rld.nm.gov",Boards of Pharmacy and Regulatory Agencies
Canada,Newfoundland and Labrador Pharmacy Board,,"nlboard.pharmacy
nlpb.ca",Boards of Pharmacy and Regulatory Agencies
US,NHRMC OUTPATIENT/EMPLOYEE PHCY,NHRMC Outpatient Pharmacy,"nhrmcoutpatientrx.pharmacy
nhrmcoutpatientrx.com",Pharmacy
US,"Noble Health Services, Inc.",Noble Health Services,"noblehealthservices.pharmacy
noblehealthservices.com",Pharmacy
US,North Carolina Baptist Hospital Pharmacy,North Tower Pharmacy,"wakehealth.pharmacy
prescriptions.wakehealth.edu",Pharmacy
US,North Carolina Board of Pharmacy,,"ncboard.pharmacy 
ncbop.org",Boards of Pharmacy and Regulatory Agencies
US,North Coast Medical Supply,Advanced Diabetes Supply,"northcoastmed.pharmacy
northcoastmed.com",Pharmacy
US,North Dakota Board of Pharmacy,,"ndboard.pharmacy
nodakpharmacy.com",Boards of Pharmacy and Regulatory Agencies
US,"North State Healthy Solutions, LLC",HALDEY Pharmaceutical Compounding,"hcompound.pharmacy
hcompound.com",Pharmacy
US,North Village Pharmacy,,"northvillagepharmacy.pharmacy
northvillagepharmacy.com",Pharmacy
US,Northern Itasca Hospital District,Bigfork Valley Pharmacy,"bigforkvalley.pharmacy
bigforkvalley.org",Pharmacy
Canada,Nova Scotia College of Pharmacists,,"nscp.pharmacy
nspharmacists.ca",Boards of Pharmacy and Regulatory Agencies
Canada,Nova Scotia College of Pharmacists,,"nscollege.pharmacy
nspharmacists.ca",Boards of Pharmacy and Regulatory Agencies
US,NPS Care LLC,Silvermed Pharmacy Services,"silvermedrx.pharmacy
silvermedrx.com",Pharmacy
US,NuDAK Ventures LLC,,"nucara.pharmacy
nucara.com",Pharmacy
US,"Nufactor, Inc",,"nufactor.pharmacy
nufactor.com",Pharmacy
US,NutriChem Pharmacy Ltd.,,"nutrichem.pharmacy
nutrichem.com",Pharmacy
US,"Olathe Community Clinic, Inc",River Valley Pharmacy,"rivervalleyfhc.pharmacy
rivervalleyfhc.com",Pharmacy
US,One Family Health Pharmacy,,OneFamilyHealth.pharmacy,Pharmacy
US,OneSource Compounding Pharmacy Corp,OneSource Compounding Pharmacy,"onesourcecompounding.pharmacy
onescrx.com",Pharmacy
US,Ontario College of Pharmacists,,"ocpinfo.pharmacy
ontariocollegeofpharmacists.pharmacy
ocpinfo.com",Boards of Pharmacy and Regulatory Agencies
US,Optimistic Healthcare Solutions LLC,,"ohc.pharmacy
ohcpharmacy.com",Pharmacy
US,OptumRx Inc ,,"optum.pharmacy
optumrx.pharmacy
briovarx.pharmacy
optum.com
optumrx.com
briovarx.com",Pharmacy
Canada,Ordre des pharmaciens du Québec,,"Qcordre.pharmacy
opq.org",Boards of Pharmacy and Regulatory Agencies
US,"Orsini Pharmaceutical Services, LLC",orsinispecialtypharmacy,"orsinispecialtypharmacy.pharmacy
orsinispecialtypharmacy.com",Pharmacy
US,Padagis South Carolina LLC,,"padagisnaloxone.pharmacy
directsales.padagisnaloxone.com",Wholesale Drug Distributor
US,Pain Management Company LLC,PMC Pharmacy,"pmcrx.pharmacy
pmcrx.com",Pharmacy
US,Palu Inc,Marina Pharmacy,"marina.pharmacy
https://www.yelp.com/biz/marina-pharmacy-marina-del-rey-2",Pharmacy
US,Pandia Pharmacy Inc,Pandia Pharmacy,"pandiapharmacy.pharmacy
pandiapharmacy.com",Pharmacy
US,PANTHERx Specialty Pharmacy,PANTHERx Specialty Pharmacy,"pantherxrare.pharmacy
pantherxrare.com",Pharmacy
US,Parkside Pharmacy,,"myparkside.pharmacy
myparksidepharmacy.com",Pharmacy
US,"Parkview Niagara Street, LLC",Riverview Professional Pharmacy,"parkviewrxriverview.pharmacy
parkviewhs.com",Pharmacy
US,Patio Drugs,,"patiodrugs.pharmacy
patiodrugs.com",Pharmacy
US,Paw Paw Village Drug,,"pawpawpharmacy.pharmacy
pawpawpharmacy.com",Pharmacy
US,Pawp,,"pawp.pharmacy
pawp.com",Veterinary Pharmacy
US,"Payless Compounders, LLC",Northwest Compounders,"northwestcompounders.pharmacy
northwestcompounders.com",Pharmacy
US,"PCCA, Inc.",Dunwoody Pharmacy,"dunwoodypharmacy.pharmacy
dunwoodypharmacy.com",Pharmacy
US,PeaceHealth,PeaceHealth Riverbend Outpatient Pharmacy,"peacehealth.pharmacy
peacehealth.org",Pharmacy
Canada,PEI College of Pharmacists,,"pecollege.pharmacy
pepharmacists.ca",Boards of Pharmacy and Regulatory Agencies
US,"Pendleton Star Pharmacy, Inc",,"pendletonstar.pharmacy
sites.google.com/view/pendletonstarpharmacy/home",Pharmacy
US,Personrx Incorporated,Ming and H Drugs,"minghdrugs.pharmacy
minghdrugs.com",Pharmacy
US,Pet Care Rx Inc,,"petcare.pharmacy
petcarerx.pharmacy
petcarerx.com",Veterinary Pharmacy
US,"Petco Animal Supplies Stores, Inc",Petco,"petco.pharmacy
petcoach.pharmacy
petco.com",Veterinary Pharmacy
US,PetMart Pharmacy LLC,,"petmart.pharmacy
petmartpharmacy.com",Veterinary Pharmacy
US,"PetMed Express, Inc",1-800-PetMeds,"petmeds.pharmacy
1800petmeds.pharmacy
petmed.pharmacy
1800petmeds.com",Veterinary Pharmacy
US,PetRX LLC,,"animalrx.pharmacy
petrx.com",Veterinary Pharmacy
US,PetSmart,,"petsmart.pharmacy
petsmart.com",Veterinary Pharmacy
US,PhamCareRx LLC,Atlanta City Pharmacy,"rxacp.pharmacy
rxacp.com",Pharmacy
US,"Pharma Group Select, LLC",NextRx Pharmacy,"nextrx.pharmacy
nextrx.com",Pharmacy
US,"Pharma Solutions USA, Inc.",,"pharmasolutions.pharmacy
pharma.solutions",Professional
Canada,PharmaChoice Canada,"PharmaChoice
RxHealth Med","pharmachoice.pharmacy
rxhealthmed.pharmacy
pharmachoice.com
rxhealthmed.ca",Pharmacy
US,"Pharmacq, Inc",Market Place Pharmacy of Little Rock,"marketplace.pharmacy
marketplacepharmacylr.com",Pharmacy
US,Pharmacy Associates Inc,PursueCareRx,"pursuecarerx.pharmacy
pursuecarerx.com",Pharmacy
US,"Pharmacy at 100 NW 170th ST, LLC",DPR Pharmacy,"dpr.pharmacy
dprpharmacy.com",Pharmacy
US,"Pharmacy at the Reef, LLC",,pharmacyreef.pharmacy,Pharmacy
US,Pharmacy Care Associates,,"pharmacycareassociates.pharmacy
pharmacycareassociates.com",Pharmacy
US,Pharmacy Express Inc,,"express.pharmacy
pharmacyexpressnj.com",Pharmacy
US,"Pharmaloop, LLC",Van's Delivery Pharmacy,"pharmaloop.pharmacy
pharmaloop.com",Pharmacy
US,Pharmaneek Inc.,Pharmaneek,"pharmaneek.pharmacy
pharmaneek.com",Pharmacy
Canada,Pharmasave Drugs (National) Ltd.,,"pharmasave.pharmacy
pharmasave.com",Pharmacy
US,"Pharm-Pro, INC",Morgan Care Pharmacy,"morgancarerx.pharmacy
morgancarerx.com",Pharmacy
US,Pharmxpress Limited Liability Company,Pharmxpress Pharmacy,"pharmxpress.pharmacy
vikingman.com",Pharmacy
US,Philadelphia Professional Compounding Pharmacy,PPC Pharmacy,"ppcpharmacy.pharmacy
ppcpharmacy.com",Pharmacy
US,PillPack LLC,PillPack by Amazon Pharmacy,"amazon.pharmacy
pillpack.pharmacy
amazon.com
pillpack.com",Pharmacy
US,Plastic Surgery Center of Hampton Roads,Plastic Surgery Center of Hampton Roads,"pschr.pharmacy
pschr.com",Professional
Canada,Plitio Pharmacy Inc,Plitio,"plitio.pharmacy
plitio.com",Pharmacy
Canada,Pocketpills Pharmacy Inc,Pocketpills,"pocketpills.pharmacy
pocketpills.com",Pharmacy
US,Polaris Specialty Pharmacy,Premier Pharmacy Services,"polarisspecialtyrx.pharmacy
polarisspecialty.pharmacy
polarisrxspecialty.com",Pharmacy
US,Pole Mountain Pharmacy LLC,Pole Mountain Pharmacy,"polemountainrx.pharmacy
polemountainpharmacy.com",Pharmacy
US,Pope Shenouda LLC,1st Choice Pharmacy,"firstchoicepharmacy.pharmacy
1stchoicepharmacy.net",Pharmacy
US,Postmeds Inc,,"truepill.pharmacy
truepill.com",Pharmacy
US,Poulsbo Compounding Pharmacy LLC,Nordic Pharmacy,"nordicpharmacy.pharmacy
nordicpharmacy.net",Pharmacy
US,PPMI Inc,Miller Road Pharmacy,"millerroadrx.pharmacy
millerroadrx.com",Pharmacy
US,"PrecisionRx, LLC",Allentown Discount Pharmacy,"allentowndiscountrx.pharmacy
Facebook.com/people/Allentown-Discount-Pharmacy/100063812840610/",Pharmacy
US,Premier Compounding LLC,Premier Compounding,"premiercompounding.pharmacy
facebook.com/profile.php?id=61572497675750",Pharmacy
US,Premier Specialty Pharmacy LLC,Premier Specialty Pharmacy,"premierspecialty.pharmacy
premierspecialtyrx.com",Pharmacy
US,Prescription Bliss,,"prescriptionbliss.pharmacy
prescriptionbliss.com",Pharmacy
US,Prescription Lifeline,,"prescriptionlifeline.pharmacy
prescriptionlifeline.org",Resources and Referral Sites
US,PRESCRIPTION MART,,"prescriptionmart.pharmacy
prescriptionmartpharmacy.com",Pharmacy
US,"Prescriptions Unlimited, LLC",Prescriptions Unlimited SDOC,"osceolaschoolsrx.pharmacy
unlimitedrx.com",Pharmacy
US,Prestige Worldwide Pharma LLC,Hill Country Specialty Pharmacy,"hillcountrysp.pharmacy
hillcountrysp.com",Pharmacy
US,Prime Health Inc,The Chemist Shop,"thechemistshop.pharmacy
TheChemistShopPharmacy.com",Pharmacy
US,Primera Compounding LLC,Primera Professional Pharmacy,"primerarx.pharmacy
primerarx.com",Pharmacy
US,Prisma Health,"Greenville Health Corporation
Upstate Specialty Pharmacy","prismahealthspecialtypharmacy.pharmacy
prismahealthpharmacy.pharmacy
prismahealth.org",Pharmacy
US,PRIVÉCARERX LLC,,"privecarerx.com
privecarerx.pharmacy",Pharmacy
US,PRN Pharmacies Ltd,Medicine Shoppe,"medshoppehhs.pharmacy
medshoppehhs.com",Pharmacy
US,Procare Pharmacy Care LLC,,"procarerx.pharmacy
procarerx.com",Resources and Referral Sites
US,"Professional Care Pharmacy, Inc",Professional Care Pharmacy,"professionalcare.pharmacy
mypcpharmacy.com",Pharmacy
US,Professional Pharmacy Services,Good Day Pharmacy,"gooddaypharmacy.pharmacy
gooddaypharmacy.com",Pharmacy
US,Propel Pharmacy LLC,Propel Pharmacy,"propelpharmacy.pharmacy
propelpharmacyllc.com",Pharmacy
US,PSG of Sarasota LLC,IV Solutions Rx,"ivsolutionsrx.pharmacy
ivsolutionsrx.com",Pharmacy
US,Publix Super Markets Inc,,"publix.pharmacy
publix.com",Pharmacy
US,Puget Sound Drug Corporation,Key Compounding Pharmacy,"keycompounding.pharmacy
keycompounding.com",Pharmacy
US,Puramint LLC,Puramint,"puramint.pharmacy
puramint.com",Pharmacy
US,Pure Pharmacy LLC ,Pure Pharmacy,"purepharmacysobe.pharmacy
purepharmacysobe.com",Pharmacy
US,Quaker Community Pharmacy LLC,Quaker Community Pharmacy LLC,"quaker.pharmacy
quakerrx.com",Pharmacy
US,Quarles & Brady LLP,,"quarles.pharmacy
quarles.com",Professional
US,Raley's,,"raleys.pharmacy
raleys.com",Pharmacy
US,Rare Specialty Services LLC,Rare Specialty Pharmacy,"rarespecialtyrx.pharmacy
rarespecialtyrx.com",Pharmacy
US,Rawls Pharmacy,,"rawlspharmacy.pharmacy
rawlspharmacy.com",Pharmacy
US,REAL Solutions Group,,"rsg.pharmacy
realsolutionsgroup.co",Professional
US,"Red Lodge Drug Co., Inc.",,"redlodgedrug.pharmacy
facebook.com/redlodgedrugstore",Pharmacy
US,Reliable Rx LLC,Reliable Rx,"reliablerx.pharmacy
reliablerx.org",Pharmacy
US,Remedy Drug,,"remedydrugrx.pharmacy
remedydrugrx.com",Pharmacy
Canada,Renu Pillay Pharmacy Inc.,Whole Health Compounding Pharmacy Glebe,"wholehealthglebe.pharmacy
wholehealthglebe.com",Pharmacy
US,Restorative Compounding Pharmacy and Wellness,,"restorativecompounding.pharmacy
restorativecompounding.com",Pharmacy
US,Retail Business Services,,"giantfoodstores.pharmacy
martinsfoods.pharmacy
giantfood.pharmacy
stopandshop.pharmacy
giantfoodstores.com
martinsfoods.com
giantfood.com
stopandshop.com",Pharmacy
US,Revan INC,Revan Rx,"revanrx.pharmacy
revanrx.com",Pharmacy
US,"Revival Animal Health, LLC",Revival Animal Health,"revivalanimal.pharmacy
revivalanimal.com",Veterinary Pharmacy
US,Revive Low T LLC,,"revivelowtclinic.pharmacy
revivelowt.com",Professional
Canada,Rexall Pharmacy Group ULC,"Rexall
Rexall Health Solutions
PharmaPlus
Rexall PharmaPlus
Rexall Drugstore
Rexall Pharmacy
ValueScripts
PostScripts
MediTrust
Rexall Direct
Rexall Pharmacy Group Ltd.","rexall.pharmacy
rexalldrugstore.pharmacy
letsbewell.pharmacy
rexall.ca
valuescripts.ca
rexalldirect.ca",Pharmacy
US,Rhode Island Board of Pharmacy,,"riboard.pharmacy
health.ri.gov",Boards of Pharmacy and Regulatory Agencies
US,"Rice Drugs, Inc.","Rice's Pharmacy
Rice Pharmacy
Rice Drugs
Rice's","rice.pharmacy
rices.pharmacy
ricepharmacy.com",Pharmacy
US,Richland Village Drug Inc.,Richland Village Drug,"richlandvillagedrug.pharmacy
richlandvillagedrug.com",Pharmacy
US,Ridgeway Pharmacy Ltd,,"ridgeway.pharmacy
ridgewayrx.com",Pharmacy
US,"Rigas and Son, LLC",Your Personal Pharmacy,"yourpersonalpharmacy.pharmacy
yourpersonalpharmacy.net",Pharmacy
US,Rite Aid Corporation,,"riteaid.pharmacy 
rediclinic.pharmacy
bartelldrugs.pharmacy
ilovebartells.pharmacy
riteaid.com
rediclinic.com
bartelldrugs.com",Pharmacy
US,River Oaks Pharmacy,Mercy Pharmacy LLC,"riveroakspharmacy.pharmacy
riveroakspharmacy.com",Pharmacy
US,Robert J. Matthews Company,PBS Animal Health,"pbsanimalhealth.pharmacy
pbsanimalhealth.com",Veterinary Pharmacy
US,Roman Health Pharmacy LLC,,"romanhealthpharmacy.pharmacy
romanhealthpharmacy.com",Pharmacy
US,Roman Health Ventures,,"getroman.pharmacy
hellorory.pharmacy
ro.pharmacy
ro.co",Professional
US,"Ron Group, LLC",Blue Sky Specialty Pharmacy,"blueskyspecialty.pharmacy
blueskyspecialtypharmacy.com",Pharmacy
US,Rood and Riddle Veterinary Pharmacy LLC,,"rrvp.pharmacy
rrvp.com",Veterinary Pharmacy
US,Rose’s Pharmacy,,"roses.pharmacy
rosespharmacy.com",Pharmacy
US,Rosebud Pharmacy,,"rosebud.pharmacy
rosebudpharmacy.com",Pharmacy
US,Rosemont Discount Pharmacy,Rosemont Specialty Pharmacy,"rosemontspecialtyrx.pharmacy
rosemontspecialtyrx.com",Pharmacy
US,Roundy's Supermarkets Inc,Roundy's,"marianos.pharmacy
copps.pharmacy
metromarket.pharmacy
picknsave.pharmacy
marianos.com
copps.com
metromarket.net
picknsave.com",Pharmacy
US,RVL Pharmaceuticals Inc,RVL Pharmacy LLC,"rvl.pharmacy
upneeq.com",Pharmacy
US,Rx Compound Centre LLC,Rx Compound Centre,"rxcompoundcentre.pharmacy
rxcompoundcentre.com",Pharmacy
US,Rx Outreach,,"rxoutreach.pharmacy
rxoutreach.org",Pharmacy
US,RxSense Holdings LLC,,"singlecare.pharmacy
familywize.pharmacy
rxsense.pharmacy
singlecare.com
familywize.org
rxsense.com",Resources and Referral Sites
US,"Rye Beach Pharmacy, Inc",Rye Beach Pharmacy,"ryerx.pharmacy 
ryerx.com",Pharmacy
US,S&K HealthCare LLC,Gwinnett Pharmacy,"gwinnett.pharmacy
gwinnettpharmacy.com",Pharmacy
US,"Safeway, Inc",,"carrsqc.pharmacy
pavilions.pharmacy
randalls.pharmacy
tomthumb.pharmacy
vons.pharmacy
safeway.pharmacy
safeway.com
pavilions.com
randalls.com
tomthumb.com
vons.com
carrsqc.com",Pharmacy
US,Salem Neighborhood Pharmacy,,"salemneighborhoodpharmacy.pharmacy
salemneighborhoodpharmacy.com",Pharmacy
US,Sam's Pharmacy LLC,Sam Pharmacy and Health Food,"samrx.pharmacy
facebook.com/profile.php?id=61567620604082",Pharmacy
US,Sarah Hitchcox Aesthetics,,"hitchcoxaesthetics.pharmacy
hitchcoxaesthetics.com",Professional
Canada,Saskatchewan College of Pharmacy Professionals,,"skcollege.pharmacy
sk.pharmacy
saskpharm.ca",Boards of Pharmacy and Regulatory Agencies
US,Schlessinger MD,,"schlessingermd.pharmacy
schlessingermd.com",Professional
US,Schraft's 2.0,,"schrafts2.pharmacy
fertilityrx.pharmacy
schrafts2.com",Pharmacy
US,"Scott Pharmacy, Inc.",Scott Pharmacy,"scottrx.pharmacy
scottrx.com",Pharmacy
US,Script Partner Pharmacy LLC,,"scriptpartnerpharmacy.pharmacy
scriptpartner.pharmacy
scriptpartner.com
scriptpartnerpharmacy.com",Pharmacy
US,ScriptCo Inc.,ScriptCo Pharmacy,"scriptco.pharmacy
scriptco.com",Pharmacy
US,Scripts Rx Pharmacy,,"scriptsrx.pharmacy
scriptsrxpharmacy.com",Pharmacy
US,Select LTC Pharmacy Corporation,,"selectltcpharmacy.pharmacy
selectltcpharmacy.com",Pharmacy
US,Senderra Rx Pharmacy,Senderra Specialty Pharmacy,"senderrarx.pharmacy
senderrarx.com",Pharmacy
US,Senior Care Pharmacy,,"seniorcare.pharmacy
seniorcarepharmacywichita.com",Pharmacy
US,"Senior Life Pharmacy, LLC",SeniorLifeRx,"seniorlife.pharmacy
seniorlifepharmacyrx.com",Pharmacy
US,Serve You Rx,Serve You Custom Prescription Management,"serveyourx.pharmacy
serveyourx.com",Pharmacy
US,Serv-U Pharmacy Inc,Serv-U Pharmacy,"servurx.pharmacy
servurx.com",Pharmacy
US,"Shan-Pham Diversified Holdings, Inc",MEDhope Pharmacy,"medhope.pharmacy
medhopepharmacyrx.com",Pharmacy
US,Shelby County Healthcare Corporation,Regional One Health,"regionalonehealth.pharmacy
regionalonehealth.org",Pharmacy
US,Sidney Hillman Health Center of Rochester Pharmacy Dept,,"sidneyhillmanrx.pharmacy
workersunitedupstate.org",Pharmacy
US,Sildenafil.com LLC,,"sildenafil.pharmacy
sildenafil.com",Pharmacy
US,Simple Meds,,"simplemeds.pharmacy
simplemeds.com",Pharmacy
US,Sina Drug LLC,Onco 360,"onco360.pharmacy
caremedsp.pharmacy
onco360.com
caremedsp.com",Pharmacy
US,Sirona Pharmacy,Main St. Pharmacy,"ocmainstpharmacy.pharmacy
linkedin.com/in/main-st-pharmacy/",Pharmacy
US,Sixth Avenue Pharmacy,,"6averx.pharmacy
sixthavenuepharmacy.com",Pharmacy
US,"Skin Specialists, PC",LovelySkin,"lovelyskin.pharmacy
lovelyskin.com",Professional
Canada,Sobeys Inc.,"FreshCo
Safeway
Thrifty Foods
Lawtons Drugs","lawtonsdrugs.pharmacy
360health.pharmacy
freshco.pharmacy
safeway.ca
lawtons.ca
360healthpharmacy.ca
freshco.com",Pharmacy
US,"Solara Medical Supplies, LLC","Solara
Pharmacy, Inc.","solara.pharmacy
adapthealth.com",Pharmacy
US,Solutions Pharmacy Inc,,"solutions.pharmacy
solutions-rx.com",Pharmacy
US,SortPak Rx Inc.,SortPak Pharmacy,"sortpak.com
sortpak.pharmacy",Pharmacy
US,Specialty Rx Inc,,"specialtyrx.pharmacy
srxltc.com",Pharmacy
US,Speedy Health Inc.,,"speedyhealth.pharmacy
speedyhealth.com",Professional
US,Spruce Aesthetics + Infusion Bar,,"sprucespa.pharmacy
sprucespa.com",Professional
US,St Joseph Pharmacy,,"Stjosephpharmacyfl.pharmacy
stjosephpharmacyfl.com",Pharmacy
US,"St. Jude Pharmacy, Inc.",St. Jude Pharmacy,"saintjude.pharmacy
sjpharmacy.com",Pharmacy
Canada,St. Mike's Health Care Mart Inc. ,Health Care Mart Pharmacy,"torontoonlinepharmacy.pharmacy
hcmpharmacy.pharmabest.ca",Pharmacy
US,Starwood Pharmacy Services LLC,SPS Rx Solutions,"starwood.pharmacy
starwoodpharmacy.com",Pharmacy
US,"Stellus Rx, LLC",Stellus Rx #1001,"stellusrx.pharmacy
stellusrx.com",Pharmacy
US,"SterlingRx, Inc",Sterling Specialty Pharmacy,"sterlingspecialtycare.pharmacy
sterlingspecialtycare.com",Pharmacy
US,"Stoughton Chemists, Inc.",McGlynn Pharmacy,"stoughtonwi.pharmacy
mcglynnrx.com",Pharmacy
US,"Strategic Pharmaceutical Solutions, Inc","VetSource
VetSource Home Delivery","vetsource.pharmacy
vmgvetsource.pharmacy
vetsourceweb.pharmacy
securevetsource.pharmacy
vetsourcecms.pharmacy
capnavetsource.pharmacy
bestfriendsvetsource.pharmacy
banfieldvetsource.pharmacy
vcavetsource.pharmacy
vetsource.com",Veterinary Pharmacy
US,"Suncrest Pharmacy Group, LLC",Suncrest Pharmacy,"suncrestpharmacy.pharmacy
suncrestpharmacy.com",Pharmacy
US,Super Saver Pharmacy #4,Rush Pharmacy,"rush.pharmacy
rushpharmacy.com",Pharmacy
US,Sylvain Pharmacy Inc,Link Pharmacy,"link.pharmacy
linkpharmacyca.com",Pharmacy
US,"Synchrony Pharmacy, LLC",,"synchronyhs.pharmacy
synchronyhs.com",Pharmacy
US,"Synergen Rx, LLC","Synergen Rx, LLC","synergenrx.pharmacy
synergenrx.com",Pharmacy
US,TABcom LLC,,"horse.pharmacy 
horse.com
kvsupply.pharmacy
kvsupply.com
petsupplies.pharmacy
statelinetack.pharmacy
petsupplies.com
statelinetack.com",Veterinary Pharmacy
US,Tablets Pharmacy Inc,,"tabletsrx.pharmacy
tabletsrx.com",Pharmacy
US,"Tallahassee Memorial HealthCare, INC",TMH Specialty Pharmacy,"TMHSpecialtyPharmacy.pharmacy
tmh.org",Pharmacy
US,"TANGO, INC",TANGO Pharmacy,"tango.pharmacy
tangopharmacy.com",Pharmacy
Canada,TBT Medical & Aesthetics,TBT Medical & Aesthetics,"tbtclinic.pharmacy
tbtclinic.com",Professional
US,Teladoc Health,,"teladochealth.pharmacy
teladochealth.com",Professional
US,The Golub Corporation,,"pricechopper.pharmacy
market32.pharmacy
pricechopper.com
market32.com",Pharmacy
US,The Kroger Co.,,"kroger.pharmacy
pay-less.pharmacy
jaycfoods.pharmacy
fredmeyer.pharmacy
frysfood.pharmacy
gerbes.pharmacy
ralphs.pharmacy
smithsfoodanddrug.pharmacy
qfc.pharmacy
kingsoopers.pharmacy
citymarket.pharmacy
dillons.pharmacy
bakersplus.pharmacy
owensmarket.pharmacy
kroger.com
pay-less.com
jaycfoods.com
fredmeyer.com
frysfood.com
gerbes.com
ralphs.com
smithsfoodanddrug.com
qfc.com
kingsoopers.com
citymarket.com
dillons.com
bakersplus.com",Pharmacy
US,The MetroHealth System,,"metrohealth.pharmacy
metrohealth.org",Pharmacy
US,The NATIVE Project,,"nativeproject.pharmacy
nativeproject.org",Pharmacy
Canada,The Pharmacy Network Corp,Pace Pharmacy and Compounding Experts ,"pace.pharmacy 
toronto.pharmacy 
canadacompounding.pharmacy 
pacepharmacy.com",Pharmacy
US,The Resource Group,,"resourcegrp.pharmacy
resourcegrp.org",Professional
US,"The Rx Advocates, LLC",,"patientassistanceprograms.pharmacy
therxadvocates.pharmacy
get.patientassistanceprograms.com
therxadvocates.com",Resources and Referral Sites
US,The Towers Pharmacy Inc.,,"baptisttowers.pharmacy
ebaptisthealthcare.org",Pharmacy
US,"ThePharmacy, LLC",The Pharmacy at Wellington,"thepharmacyatwellington.pharmacy
thepharmacyatwellington.com",Pharmacy
US,Thies Lombard Pharmacy Inc,Lombard Pharmacy,"lombardpharmacy.pharmacy
lombardpharmacy.com",Pharmacy
US,Thrive RX Pharmacy Inc,Thrive Pharmacy,"thrive.pharmacy
thrive-pharmacy.com",Pharmacy
US,TIB Pharmacy Inc ,CostPill,"tib.pharmacy
tibpharmacy.com",Pharmacy
US,Torrance Pharmacy LTC,,"mytorrance.pharmacy
mytorrancepharmacy.com",Pharmacy
US,Total Excel Pharmacy LLC,,"totalexcelrx.pharmacy
totalexcelpharmacyllc.com",Pharmacy
US,Towson Pharmacy Inc,Towson Pharmacy,"towsonpharmacy.pharmacy
healthmart.com/store-details?storeId=4874",Pharmacy
US,Tractor Supply Company,,"tractorsupply.pharmacy
petsense.pharmacy
tractorsupply.com
petsense.com",Pharmacy
US,"Tri State Urologic Services P.S.C., Inc.",The Urology Group,"urologygroup.pharmacy
urologygroup.com",Pharmacy
US,"Trillium Health, Inc.",Trillium Health Pharmacy,"trilliumhealth.pharmacy
trillium.pharmacy
mylocalrx.pharmacy",Pharmacy
US,"Trinity Health Pharmacy Services, LLC",Trinity Health Pharmacy Services,"THPS.pharmacy
Trinity-Health.org",Pharmacy
US,Trinity Health-Michigan,"Mercy Health Pharmacy Solutions
Mercy Health Pharmacy-Rockford
Mercy Health Pharmacy-Hudsonville
Mercy Health Pharmacy-Cathedral Square
Mercy Health Pharmacy-Wege
Mercy Health Pharmacy-Southwest","mercyhealth.pharmacy
mercyhealth.com",Pharmacy
US,Trinity Regional Medical Center,Trinity Pharmacy,"unitypoint.pharmacy
unitypoint.org",Pharmacy
US,"Triple S R Pharmacy, Inc",Hope Specialty Pharmacy,"hopesp.pharmacy
hopesp.com",Pharmacy
US,"Truong Healthcare, LLC",Sugar Land Pharmacy,"sugarland.pharmacy
sugarlandpharm.com",Pharmacy
US,"TwelveStone Medical, Inc",,"12stonehealth.pharmacy
12stonehealth.com",Pharmacy
US,"Twin City Pharmacy, Inc.",Twin City Pharmacy & Surgical,"twincityrx.pharmacy
twincityrx.com",Pharmacy
US,TYSON DRUGS,,"tysondrugs.pharmacy
tysondrugs.com",Pharmacy
US,Ukuaji Medical LLC,Chesapeake Telemedicine,"chesapeaketelemedicine.pharmacy
chesapeaketelemedicine.com",Pharmacy 
US,Ukuaji Medical LLC,Chesapeake Telemedicine,"chesapeaketelemedicine.pharmacy
chesapeaketelemedicine.com",Professional
US,Union Pacific Railroad Employees Health Systems,"Union Pacific Railroad Employees Health Systems
Depot Drug
UPHealth
UPHealth Systems","depotdrug.pharmacy
depotdrug.com",Pharmacy
US,University Health Systems of Eastern Carolina,ECU Health Employee Pharmacy,"ecuhealth.pharmacy
ecuhealth.org",Pharmacy
US,University of Chicago DCAM Outpatient Pharmacy,,"uchicagomedicine.pharmacy
uchicagomedicine.org",Pharmacy
US,University of Vermont Medical Center Outpatient Pharmacy,,"uvmhealth.pharmacy
uvmhealth.org",Pharmacy
US,University of Wisconsin Hospitals and Clinics Authority,UW Health,"uwhealth.pharmacy 
uwhealth.org",Pharmacy
US,UPPER EASTSIDE CHEMISTS INC,Cambridge Chemists,cambridgechemists.pharmacy,Pharmacy
US,"Upscript Pharmacy, LLC",,"upscriptpharmacy.pharmacy 
upscriptpharmacy.com",Resources and Referral Sites
US,US MED INC,,"usmed-rx.pharmacy
usmed-rx.com",Pharmacy
US,Valencia Pharmacy LTC,,"valenciapharmacyltcpeachland.pharmacy
valenciarx.com",Pharmacy
US,Valencia Pharmacy LTC at Henry Mayo,,"valenciapharmacyltchenrymayomcbean.pharmacy
valenciarx.com",Pharmacy
US,Valley Side I Inc ,VetDepot,"vetdepot.pharmacy 
vetdepot.com",Veterinary Pharmacy
US,Valley Veterinary Clinic ,Valley Vet Supply,"valleyvet.pharmacy 
valleyvet.com",Veterinary Pharmacy
US,VALU MED PHARMACY INC,Valu-Med Pharmacy,"valumed.pharmacy
valumedpharmacytx.com",Pharmacy
US,Valued Choice Pharmacy,,"valuedchoice.pharmacy
valuedchoicepharmacyrx.com",Pharmacy
US,Vanderbilt University Medical Center,Vanderbilt Outpatient Pharmacy and Vanderbilt Integrated Pharmacy,"vanderbiltspecialtypharmacy.pharmacy
vanderbiltspecialtypharmacy.com",Pharmacy
US,Vedas Medical Spa & Wellness Center,Vedas Medical Spa & Wellness Center,"vedasmedspa.pharmacy
vedasmedspa.com",Pharmacy
US,Vero Biotech Inc,,"vero-biotech.pharmacy
vero-biotech.com",Manufacturer
US,VetCara LLC,VetRxDirect,"vetrxdirect.pharmacy
vetrxdirect.com",Veterinary Pharmacy
US,"Vetcove, Inc.",,"ourvet.pharmacy
ourvet.com",Veterinary Pharmacy
US,Village Pharmacy Corp,Village Apothecary,"villageapothecary.pharmacy
villageapothecary.com",Pharmacy
US,Virginia Board of Pharmacy,,"vaboard.pharmacy
dhp.virginia.gov/pharmacy",Boards of Pharmacy and Regulatory Agencies
US,Visalia pharmacy Inc,,"thevisaliapharmacy.pharmacy
thevisaliapharmacy.com",Pharmacy
US,"Wagg Veterinary Corp, Inc",,"petvm.pharmacy
bandanarx.pharmacy
petvm.com
bandanarx.com",Veterinary Pharmacy
US,Wakefern Food Corp,ShopRite Pharmacy,"shoprite.pharmacy
shoprite.com",Pharmacy
US,Walberg Family Pharmacies,,"walbergfamilypharmacies.pharmacy
carefillltc.pharmacy
walbergfamilypharmacies.com
carefillltc.com",Pharmacy
US,Walgreen Co.,,"walgreens.pharmacy
walgreensmailservice.pharmacy
walgreensspecialtyrx.pharmacy
walgreens.com
walgreensspecialtyrx.com walgreensmailservice.com",Pharmacy
US,"Wal-Mart Stores, Inc",Walmart Inc.,"walmart.pharmacy
samsclub.pharmacy
walmartspecialty.pharmacy
walmart.com
samsclub.com",Pharmacy
US,Water Tree Ventures LLC,BuzzRx,"buzzrx.pharmacy
buzzrx.com",Resources and Referral Sites
US,Watson Rx Solutions Inc,Genefic Specialty Rx,"geneficrx.pharmacy
geneficrx.com",Pharmacy
US,"Wauwatosa Prescription Center, Inc.",Skywalk Pharmacy,"skywalk.pharmacy
childrenswi.org",Pharmacy
US,Wedgewood Pharmacy LLC,Campbell's Pharmacy,"campbells.pharmacy
campbellspharmacy.com",Pharmacy
US,"WellDyneRx, LLC","WellDyneRx LLC
U.S. Specialty Care LLC","welldynerx.pharmacy
usspecialtycare.pharmacy
welldynespecialty.com",Pharmacy
US,WELLNESS1PHARMACY,,"WELLNESS1PHARMACY.pharmacy
wellness1pharmacy.com",Pharmacy
US,Westbury Pharmacy Inc,Westbury Pharmacy,"westburyrx.pharmacy
westburyrx.com",Pharmacy
Canada,White Cross Dispensary Ottawa 2006 Ltd,,"whitecross.pharmacy
store.whitecrossdispensary.com",Pharmacy
US,Wilshire Pharmcare Inc,Advanced Pharmacy Solutions,"aps.pharmacy
aps-rx.net",Pharmacy
US,Wood Dale Pharmacy LLC,Wood Dale Pharmacy LLC,"wooddalepharmacy.pharmacy
wooddalepharmacy.com",Pharmacy
US,Wyoming Board of Pharmacy,,"wyboard.pharmacy
wy.pharmacy
pharmacyboard.wyo.gov",Boards of Pharmacy and Regulatory Agencies
US,"Xact Rx, LLC",Xact Rx,"xactrx.pharmacy
xactrx.com",Pharmacy
US,XPRESS PHARMACY INC,XPRESS MEDS,"xpresspharmacy.pharmacy
xpresspharmacyinc.com",Pharmacy
US,Yellowstone Pharmacy of Forsyth LLC,,"yellowstone.pharmacy
yellowstonepharmacy.com",Pharmacy
US,Young Life Enterprise LLC,Young Life Pharmacy,"younglifepharmacy.pharmacy
younglifepharmacy.com",Pharmacy
US,Your Pharmacy Corp,Your Pharmacy,"yrpharmacy.pharmacy
facebook.com/YPAurora",Pharmacy
US,Zane Pharmacy,,"zane.pharmacy
zanepharmacy.com",Pharmacy
US,Zarina Pharmacy,,"zarina.pharmacy
zarinapharmacy.com",Pharmacy
